version,nb_thread_per_block,N,M,repeat,runtime
2_1 sequential,1,4,2,100,9e-06
2_2 1_block_1_line,1,4,2,100,0.515202
2_3 multiple_threads_and_atomic,1,4,2,100,0.526306
2_4 shared_memory,1,4,2,100,1.105093
2_1 sequential,1,4,2,100,3e-06
2_2 1_block_1_line,1,4,2,100,0.489331
2_3 multiple_threads_and_atomic,1,4,2,100,0.485763
2_4 shared_memory,1,4,2,100,0.503632
2_1 sequential,1,4,2,100,5e-06
2_2 1_block_1_line,1,4,2,100,0.48378
2_3 multiple_threads_and_atomic,1,4,2,100,0.50555
2_4 shared_memory,1,4,2,100,0.471082
2_1 sequential,1,4,2,100,6e-06
2_2 1_block_1_line,1,4,2,100,0.479687
2_3 multiple_threads_and_atomic,1,4,2,100,0.472757
2_4 shared_memory,1,4,2,100,0.475263
2_1 sequential,1,4,2,100,4e-06
2_2 1_block_1_line,1,4,2,100,0.553654
2_3 multiple_threads_and_atomic,1,4,2,100,0.504096
2_4 shared_memory,1,4,2,100,0.478743
2_1 sequential,1,4,2,100,5e-06
2_2 1_block_1_line,1,4,2,100,0.476025
2_3 multiple_threads_and_atomic,1,4,2,100,0.487232
2_4 shared_memory,1,4,2,100,0.541833
2_1 sequential,1,4,2,100,3e-06
2_2 1_block_1_line,1,4,2,100,0.530789
2_3 multiple_threads_and_atomic,1,4,2,100,0.49544
2_4 shared_memory,1,4,2,100,0.486503
2_1 sequential,1,4,2,100,3e-06
2_2 1_block_1_line,1,4,2,100,0.508844
2_3 multiple_threads_and_atomic,1,4,2,100,0.473065
2_4 shared_memory,1,4,2,100,0.470862
2_1 sequential,1,4,2,100,5e-06
2_2 1_block_1_line,1,4,2,100,0.474974
2_3 multiple_threads_and_atomic,1,4,2,100,0.494069
2_4 shared_memory,1,4,2,100,0.456393
2_1 sequential,1,4,2,100,3e-06
2_2 1_block_1_line,1,4,2,100,0.472812
2_3 multiple_threads_and_atomic,1,4,2,100,0.445695
2_4 shared_memory,1,4,2,100,0.482412
2_1 sequential,32,4,2,100,6e-06
2_2 1_block_1_line,1,4,2,100,0.677509
2_3 multiple_threads_and_atomic,32,4,2,100,0.706561
2_4 shared_memory,32,4,2,100,0.51873
2_1 sequential,32,4,2,100,6e-06
2_2 1_block_1_line,1,4,2,100,0.753741
2_3 multiple_threads_and_atomic,32,4,2,100,0.60938
2_4 shared_memory,32,4,2,100,0.438796
2_1 sequential,32,4,2,100,3e-06
2_2 1_block_1_line,1,4,2,100,0.439426
2_3 multiple_threads_and_atomic,32,4,2,100,0.451831
2_4 shared_memory,32,4,2,100,0.459373
2_1 sequential,32,4,2,100,5e-06
2_2 1_block_1_line,1,4,2,100,0.446665
2_3 multiple_threads_and_atomic,32,4,2,100,0.475775
2_4 shared_memory,32,4,2,100,0.493552
2_1 sequential,32,4,2,100,6e-06
2_2 1_block_1_line,1,4,2,100,0.468653
2_3 multiple_threads_and_atomic,32,4,2,100,0.46473
2_4 shared_memory,32,4,2,100,0.451596
2_1 sequential,32,4,2,100,3e-06
2_2 1_block_1_line,1,4,2,100,0.410275
2_3 multiple_threads_and_atomic,32,4,2,100,0.48051
2_4 shared_memory,32,4,2,100,0.403476
2_1 sequential,32,4,2,100,5e-06
2_2 1_block_1_line,1,4,2,100,0.426358
2_3 multiple_threads_and_atomic,32,4,2,100,0.409448
2_4 shared_memory,32,4,2,100,0.4176
2_1 sequential,32,4,2,100,6e-06
2_2 1_block_1_line,1,4,2,100,0.407803
2_3 multiple_threads_and_atomic,32,4,2,100,0.438477
2_4 shared_memory,32,4,2,100,0.436682
2_1 sequential,32,4,2,100,4e-06
2_2 1_block_1_line,1,4,2,100,0.417235
2_3 multiple_threads_and_atomic,32,4,2,100,0.423218
2_4 shared_memory,32,4,2,100,0.420648
2_1 sequential,32,4,2,100,3e-06
2_2 1_block_1_line,1,4,2,100,0.457336
2_3 multiple_threads_and_atomic,32,4,2,100,0.414631
2_4 shared_memory,32,4,2,100,0.439498
2_1 sequential,64,4,2,100,5e-06
2_2 1_block_1_line,1,4,2,100,0.448334
2_3 multiple_threads_and_atomic,64,4,2,100,0.445421
2_4 shared_memory,64,4,2,100,0.426643
2_1 sequential,64,4,2,100,3e-06
2_2 1_block_1_line,1,4,2,100,0.429815
2_3 multiple_threads_and_atomic,64,4,2,100,0.422128
2_4 shared_memory,64,4,2,100,0.423791
2_1 sequential,64,4,2,100,5e-06
2_2 1_block_1_line,1,4,2,100,0.435748
2_3 multiple_threads_and_atomic,64,4,2,100,0.451644
2_4 shared_memory,64,4,2,100,0.432561
2_1 sequential,64,4,2,100,6e-06
2_2 1_block_1_line,1,4,2,100,0.427444
2_3 multiple_threads_and_atomic,64,4,2,100,0.46695
2_4 shared_memory,64,4,2,100,0.436948
2_1 sequential,64,4,2,100,5e-06
2_2 1_block_1_line,1,4,2,100,0.448466
2_3 multiple_threads_and_atomic,64,4,2,100,0.495494
2_4 shared_memory,64,4,2,100,0.501968
2_1 sequential,64,4,2,100,4e-06
2_2 1_block_1_line,1,4,2,100,0.437819
2_3 multiple_threads_and_atomic,64,4,2,100,0.4394
2_4 shared_memory,64,4,2,100,0.418181
2_1 sequential,64,4,2,100,5e-06
2_2 1_block_1_line,1,4,2,100,0.460104
2_3 multiple_threads_and_atomic,64,4,2,100,0.469227
2_4 shared_memory,64,4,2,100,0.432988
2_1 sequential,64,4,2,100,3e-06
2_2 1_block_1_line,1,4,2,100,0.485085
2_3 multiple_threads_and_atomic,64,4,2,100,0.478885
2_4 shared_memory,64,4,2,100,0.48211
2_1 sequential,64,4,2,100,5e-06
2_2 1_block_1_line,1,4,2,100,0.474106
2_3 multiple_threads_and_atomic,64,4,2,100,0.525565
2_4 shared_memory,64,4,2,100,0.438102
2_1 sequential,64,4,2,100,3e-06
2_2 1_block_1_line,1,4,2,100,0.43792
2_3 multiple_threads_and_atomic,64,4,2,100,0.463039
2_4 shared_memory,64,4,2,100,0.494644
2_1 sequential,128,4,2,100,3e-06
2_2 1_block_1_line,1,4,2,100,0.465769
2_3 multiple_threads_and_atomic,128,4,2,100,0.470202
2_4 shared_memory,128,4,2,100,0.478261
2_1 sequential,128,4,2,100,4e-06
2_2 1_block_1_line,1,4,2,100,0.431703
2_3 multiple_threads_and_atomic,128,4,2,100,0.481354
2_4 shared_memory,128,4,2,100,0.460965
2_1 sequential,128,4,2,100,4e-06
2_2 1_block_1_line,1,4,2,100,0.467203
2_3 multiple_threads_and_atomic,128,4,2,100,0.466514
2_4 shared_memory,128,4,2,100,0.428595
2_1 sequential,128,4,2,100,4e-06
2_2 1_block_1_line,1,4,2,100,0.44329
2_3 multiple_threads_and_atomic,128,4,2,100,0.455836
2_4 shared_memory,128,4,2,100,0.449657
2_1 sequential,128,4,2,100,5e-06
2_2 1_block_1_line,1,4,2,100,0.446414
2_3 multiple_threads_and_atomic,128,4,2,100,0.443247
2_4 shared_memory,128,4,2,100,0.436748
2_1 sequential,128,4,2,100,3e-06
2_2 1_block_1_line,1,4,2,100,0.474164
2_3 multiple_threads_and_atomic,128,4,2,100,0.435168
2_4 shared_memory,128,4,2,100,0.456237
2_1 sequential,128,4,2,100,4e-06
2_2 1_block_1_line,1,4,2,100,0.435715
2_3 multiple_threads_and_atomic,128,4,2,100,0.48567
2_4 shared_memory,128,4,2,100,0.431691
2_1 sequential,128,4,2,100,6e-06
2_2 1_block_1_line,1,4,2,100,0.460615
2_3 multiple_threads_and_atomic,128,4,2,100,0.469535
2_4 shared_memory,128,4,2,100,0.503332
2_1 sequential,128,4,2,100,3e-06
2_2 1_block_1_line,1,4,2,100,0.465542
2_3 multiple_threads_and_atomic,128,4,2,100,0.464311
2_4 shared_memory,128,4,2,100,0.501395
2_1 sequential,128,4,2,100,4e-06
2_2 1_block_1_line,1,4,2,100,0.421717
2_3 multiple_threads_and_atomic,128,4,2,100,0.454679
2_4 shared_memory,128,4,2,100,0.442888
2_1 sequential,256,4,2,100,5e-06
2_2 1_block_1_line,1,4,2,100,0.44797
2_3 multiple_threads_and_atomic,256,4,2,100,0.442765
2_4 shared_memory,256,4,2,100,0.474591
2_1 sequential,256,4,2,100,3e-06
2_2 1_block_1_line,1,4,2,100,0.450542
2_3 multiple_threads_and_atomic,256,4,2,100,0.455484
2_4 shared_memory,256,4,2,100,0.491424
2_1 sequential,256,4,2,100,3e-06
2_2 1_block_1_line,1,4,2,100,0.488595
2_3 multiple_threads_and_atomic,256,4,2,100,0.460445
2_4 shared_memory,256,4,2,100,0.454653
2_1 sequential,256,4,2,100,3e-06
2_2 1_block_1_line,1,4,2,100,0.432503
2_3 multiple_threads_and_atomic,256,4,2,100,0.429723
2_4 shared_memory,256,4,2,100,0.43637
2_1 sequential,256,4,2,100,4e-06
2_2 1_block_1_line,1,4,2,100,0.402134
2_3 multiple_threads_and_atomic,256,4,2,100,0.510461
2_4 shared_memory,256,4,2,100,0.454028
2_1 sequential,256,4,2,100,5e-06
2_2 1_block_1_line,1,4,2,100,0.451781
2_3 multiple_threads_and_atomic,256,4,2,100,0.438289
2_4 shared_memory,256,4,2,100,0.428437
2_1 sequential,256,4,2,100,3e-06
2_2 1_block_1_line,1,4,2,100,0.436625
2_3 multiple_threads_and_atomic,256,4,2,100,0.432121
2_4 shared_memory,256,4,2,100,0.428244
2_1 sequential,256,4,2,100,5e-06
2_2 1_block_1_line,1,4,2,100,0.429939
2_3 multiple_threads_and_atomic,256,4,2,100,0.411015
2_4 shared_memory,256,4,2,100,0.439855
2_1 sequential,256,4,2,100,3e-06
2_2 1_block_1_line,1,4,2,100,0.464942
2_3 multiple_threads_and_atomic,256,4,2,100,0.517368
2_4 shared_memory,256,4,2,100,0.431377
2_1 sequential,256,4,2,100,1e-05
2_2 1_block_1_line,1,4,2,100,0.476796
2_3 multiple_threads_and_atomic,256,4,2,100,0.414919
2_4 shared_memory,256,4,2,100,0.447439
2_1 sequential,1,16,8,100,1.3e-05
2_2 1_block_1_line,1,16,8,100,0.529965
2_3 multiple_threads_and_atomic,1,16,8,100,0.456332
2_4 shared_memory,1,16,8,100,0.526607
2_1 sequential,1,16,8,100,1e-05
2_2 1_block_1_line,1,16,8,100,0.425759
2_3 multiple_threads_and_atomic,1,16,8,100,0.446125
2_4 shared_memory,1,16,8,100,0.415657
2_1 sequential,1,16,8,100,9e-06
2_2 1_block_1_line,1,16,8,100,0.405435
2_3 multiple_threads_and_atomic,1,16,8,100,0.454401
2_4 shared_memory,1,16,8,100,0.437858
2_1 sequential,1,16,8,100,1.1e-05
2_2 1_block_1_line,1,16,8,100,0.446857
2_3 multiple_threads_and_atomic,1,16,8,100,0.435533
2_4 shared_memory,1,16,8,100,0.43526
2_1 sequential,1,16,8,100,1e-05
2_2 1_block_1_line,1,16,8,100,0.441376
2_3 multiple_threads_and_atomic,1,16,8,100,0.410101
2_4 shared_memory,1,16,8,100,0.427863
2_1 sequential,1,16,8,100,9e-06
2_2 1_block_1_line,1,16,8,100,0.428125
2_3 multiple_threads_and_atomic,1,16,8,100,0.458146
2_4 shared_memory,1,16,8,100,0.433949
2_1 sequential,1,16,8,100,9e-06
2_2 1_block_1_line,1,16,8,100,0.408012
2_3 multiple_threads_and_atomic,1,16,8,100,0.438773
2_4 shared_memory,1,16,8,100,0.445982
2_1 sequential,1,16,8,100,1e-05
2_2 1_block_1_line,1,16,8,100,0.441615
2_3 multiple_threads_and_atomic,1,16,8,100,0.455888
2_4 shared_memory,1,16,8,100,0.455546
2_1 sequential,1,16,8,100,1e-05
2_2 1_block_1_line,1,16,8,100,0.432355
2_3 multiple_threads_and_atomic,1,16,8,100,0.449272
2_4 shared_memory,1,16,8,100,0.446408
2_1 sequential,1,16,8,100,1.1e-05
2_2 1_block_1_line,1,16,8,100,0.427576
2_3 multiple_threads_and_atomic,1,16,8,100,0.469598
2_4 shared_memory,1,16,8,100,0.445444
2_1 sequential,32,16,8,100,9e-06
2_2 1_block_1_line,1,16,8,100,0.454919
2_3 multiple_threads_and_atomic,32,16,8,100,0.45144
2_4 shared_memory,32,16,8,100,0.43889
2_1 sequential,32,16,8,100,1e-05
2_2 1_block_1_line,1,16,8,100,0.448663
2_3 multiple_threads_and_atomic,32,16,8,100,0.430053
2_4 shared_memory,32,16,8,100,0.427308
2_1 sequential,32,16,8,100,9e-06
2_2 1_block_1_line,1,16,8,100,0.424771
2_3 multiple_threads_and_atomic,32,16,8,100,0.445919
2_4 shared_memory,32,16,8,100,0.434773
2_1 sequential,32,16,8,100,1.2e-05
2_2 1_block_1_line,1,16,8,100,0.439519
2_3 multiple_threads_and_atomic,32,16,8,100,0.437962
2_4 shared_memory,32,16,8,100,0.457623
2_1 sequential,32,16,8,100,1.3e-05
2_2 1_block_1_line,1,16,8,100,0.434195
2_3 multiple_threads_and_atomic,32,16,8,100,0.444047
2_4 shared_memory,32,16,8,100,0.442613
2_1 sequential,32,16,8,100,1e-05
2_2 1_block_1_line,1,16,8,100,0.444875
2_3 multiple_threads_and_atomic,32,16,8,100,0.435627
2_4 shared_memory,32,16,8,100,0.430568
2_1 sequential,32,16,8,100,9e-06
2_2 1_block_1_line,1,16,8,100,0.451061
2_3 multiple_threads_and_atomic,32,16,8,100,0.453141
2_4 shared_memory,32,16,8,100,0.469293
2_1 sequential,32,16,8,100,1.2e-05
2_2 1_block_1_line,1,16,8,100,0.454549
2_3 multiple_threads_and_atomic,32,16,8,100,0.428317
2_4 shared_memory,32,16,8,100,0.445296
2_1 sequential,32,16,8,100,1.1e-05
2_2 1_block_1_line,1,16,8,100,0.442777
2_3 multiple_threads_and_atomic,32,16,8,100,0.441678
2_4 shared_memory,32,16,8,100,0.439365
2_1 sequential,32,16,8,100,9e-06
2_2 1_block_1_line,1,16,8,100,0.4465
2_3 multiple_threads_and_atomic,32,16,8,100,0.452148
2_4 shared_memory,32,16,8,100,0.43713
2_1 sequential,64,16,8,100,9e-06
2_2 1_block_1_line,1,16,8,100,0.452133
2_3 multiple_threads_and_atomic,64,16,8,100,0.468408
2_4 shared_memory,64,16,8,100,0.438109
2_1 sequential,64,16,8,100,9e-06
2_2 1_block_1_line,1,16,8,100,0.462668
2_3 multiple_threads_and_atomic,64,16,8,100,0.45088
2_4 shared_memory,64,16,8,100,0.46371
2_1 sequential,64,16,8,100,1.1e-05
2_2 1_block_1_line,1,16,8,100,0.417477
2_3 multiple_threads_and_atomic,64,16,8,100,0.483288
2_4 shared_memory,64,16,8,100,0.46242
2_1 sequential,64,16,8,100,9e-06
2_2 1_block_1_line,1,16,8,100,0.466123
2_3 multiple_threads_and_atomic,64,16,8,100,0.478142
2_4 shared_memory,64,16,8,100,0.510575
2_1 sequential,64,16,8,100,1.1e-05
2_2 1_block_1_line,1,16,8,100,0.465902
2_3 multiple_threads_and_atomic,64,16,8,100,0.423639
2_4 shared_memory,64,16,8,100,0.467663
2_1 sequential,64,16,8,100,1.3e-05
2_2 1_block_1_line,1,16,8,100,0.45075
2_3 multiple_threads_and_atomic,64,16,8,100,0.477568
2_4 shared_memory,64,16,8,100,0.458798
2_1 sequential,64,16,8,100,9e-06
2_2 1_block_1_line,1,16,8,100,0.438402
2_3 multiple_threads_and_atomic,64,16,8,100,0.47062
2_4 shared_memory,64,16,8,100,0.423071
2_1 sequential,64,16,8,100,1.5e-05
2_2 1_block_1_line,1,16,8,100,0.455906
2_3 multiple_threads_and_atomic,64,16,8,100,0.45752
2_4 shared_memory,64,16,8,100,0.441798
2_1 sequential,64,16,8,100,1.2e-05
2_2 1_block_1_line,1,16,8,100,0.430891
2_3 multiple_threads_and_atomic,64,16,8,100,0.444193
2_4 shared_memory,64,16,8,100,0.45608
2_1 sequential,64,16,8,100,9e-06
2_2 1_block_1_line,1,16,8,100,0.448312
2_3 multiple_threads_and_atomic,64,16,8,100,0.440903
2_4 shared_memory,64,16,8,100,0.422659
2_1 sequential,128,16,8,100,9e-06
2_2 1_block_1_line,1,16,8,100,0.502866
2_3 multiple_threads_and_atomic,128,16,8,100,0.596816
2_4 shared_memory,128,16,8,100,0.596678
2_1 sequential,128,16,8,100,1.1e-05
2_2 1_block_1_line,1,16,8,100,0.461196
2_3 multiple_threads_and_atomic,128,16,8,100,0.532311
2_4 shared_memory,128,16,8,100,0.448607
2_1 sequential,128,16,8,100,1.1e-05
2_2 1_block_1_line,1,16,8,100,0.456843
2_3 multiple_threads_and_atomic,128,16,8,100,0.449917
2_4 shared_memory,128,16,8,100,0.436826
2_1 sequential,128,16,8,100,1.2e-05
2_2 1_block_1_line,1,16,8,100,0.431746
2_3 multiple_threads_and_atomic,128,16,8,100,0.500523
2_4 shared_memory,128,16,8,100,0.446487
2_1 sequential,128,16,8,100,1.2e-05
2_2 1_block_1_line,1,16,8,100,0.485703
2_3 multiple_threads_and_atomic,128,16,8,100,0.444927
2_4 shared_memory,128,16,8,100,0.695843
2_1 sequential,128,16,8,100,3.2e-05
2_2 1_block_1_line,1,16,8,100,0.661289
2_3 multiple_threads_and_atomic,128,16,8,100,0.628791
2_4 shared_memory,128,16,8,100,0.473341
2_1 sequential,128,16,8,100,1e-05
2_2 1_block_1_line,1,16,8,100,0.460199
2_3 multiple_threads_and_atomic,128,16,8,100,0.465424
2_4 shared_memory,128,16,8,100,0.485021
2_1 sequential,128,16,8,100,1.2e-05
2_2 1_block_1_line,1,16,8,100,0.487726
2_3 multiple_threads_and_atomic,128,16,8,100,0.428458
2_4 shared_memory,128,16,8,100,0.486501
2_1 sequential,128,16,8,100,1.2e-05
2_2 1_block_1_line,1,16,8,100,0.483883
2_3 multiple_threads_and_atomic,128,16,8,100,0.610649
2_4 shared_memory,128,16,8,100,0.629596
2_1 sequential,128,16,8,100,1e-05
2_2 1_block_1_line,1,16,8,100,0.510565
2_3 multiple_threads_and_atomic,128,16,8,100,0.506649
2_4 shared_memory,128,16,8,100,0.521535
2_1 sequential,256,16,8,100,1.2e-05
2_2 1_block_1_line,1,16,8,100,0.591555
2_3 multiple_threads_and_atomic,256,16,8,100,0.586426
2_4 shared_memory,256,16,8,100,0.423341
2_1 sequential,256,16,8,100,1.1e-05
2_2 1_block_1_line,1,16,8,100,0.422651
2_3 multiple_threads_and_atomic,256,16,8,100,0.439843
2_4 shared_memory,256,16,8,100,0.431456
2_1 sequential,256,16,8,100,1.7e-05
2_2 1_block_1_line,1,16,8,100,0.478683
2_3 multiple_threads_and_atomic,256,16,8,100,0.460789
2_4 shared_memory,256,16,8,100,0.45558
2_1 sequential,256,16,8,100,1.3e-05
2_2 1_block_1_line,1,16,8,100,0.417394
2_3 multiple_threads_and_atomic,256,16,8,100,0.448641
2_4 shared_memory,256,16,8,100,0.459209
2_1 sequential,256,16,8,100,1.1e-05
2_2 1_block_1_line,1,16,8,100,0.523173
2_3 multiple_threads_and_atomic,256,16,8,100,0.462937
2_4 shared_memory,256,16,8,100,0.456325
2_1 sequential,256,16,8,100,9e-06
2_2 1_block_1_line,1,16,8,100,0.44927
2_3 multiple_threads_and_atomic,256,16,8,100,0.456643
2_4 shared_memory,256,16,8,100,0.440692
2_1 sequential,256,16,8,100,1.1e-05
2_2 1_block_1_line,1,16,8,100,0.455197
2_3 multiple_threads_and_atomic,256,16,8,100,0.454432
2_4 shared_memory,256,16,8,100,0.442688
2_1 sequential,256,16,8,100,1e-05
2_2 1_block_1_line,1,16,8,100,0.438784
2_3 multiple_threads_and_atomic,256,16,8,100,0.47314
2_4 shared_memory,256,16,8,100,0.456414
2_1 sequential,256,16,8,100,1e-05
2_2 1_block_1_line,1,16,8,100,0.424398
2_3 multiple_threads_and_atomic,256,16,8,100,0.436649
2_4 shared_memory,256,16,8,100,0.447672
2_1 sequential,256,16,8,100,9e-06
2_2 1_block_1_line,1,16,8,100,0.43876
2_3 multiple_threads_and_atomic,256,16,8,100,0.470868
2_4 shared_memory,256,16,8,100,0.440319
2_1 sequential,1,256,128,100,0.002663
2_2 1_block_1_line,1,256,128,100,0.463412
2_3 multiple_threads_and_atomic,1,256,128,100,0.438312
2_4 shared_memory,1,256,128,100,0.542275
2_1 sequential,1,256,128,100,0.00259
2_2 1_block_1_line,1,256,128,100,0.439925
2_3 multiple_threads_and_atomic,1,256,128,100,0.450873
2_4 shared_memory,1,256,128,100,0.443457
2_1 sequential,1,256,128,100,0.002505
2_2 1_block_1_line,1,256,128,100,0.436091
2_3 multiple_threads_and_atomic,1,256,128,100,0.446024
2_4 shared_memory,1,256,128,100,0.441744
2_1 sequential,1,256,128,100,0.002422
2_2 1_block_1_line,1,256,128,100,0.450532
2_3 multiple_threads_and_atomic,1,256,128,100,0.44116
2_4 shared_memory,1,256,128,100,0.440707
2_1 sequential,1,256,128,100,0.002441
2_2 1_block_1_line,1,256,128,100,0.433434
2_3 multiple_threads_and_atomic,1,256,128,100,0.468653
2_4 shared_memory,1,256,128,100,0.44249
2_1 sequential,1,256,128,100,0.002498
2_2 1_block_1_line,1,256,128,100,0.430102
2_3 multiple_threads_and_atomic,1,256,128,100,0.451347
2_4 shared_memory,1,256,128,100,0.432887
2_1 sequential,1,256,128,100,0.002457
2_2 1_block_1_line,1,256,128,100,0.446941
2_3 multiple_threads_and_atomic,1,256,128,100,0.376521
2_4 shared_memory,1,256,128,100,0.44721
2_1 sequential,1,256,128,100,0.002394
2_2 1_block_1_line,1,256,128,100,0.438338
2_3 multiple_threads_and_atomic,1,256,128,100,0.453757
2_4 shared_memory,1,256,128,100,0.443631
2_1 sequential,1,256,128,100,0.002394
2_2 1_block_1_line,1,256,128,100,0.448507
2_3 multiple_threads_and_atomic,1,256,128,100,0.438416
2_4 shared_memory,1,256,128,100,0.43881
2_1 sequential,1,256,128,100,0.002425
2_2 1_block_1_line,1,256,128,100,0.43535
2_3 multiple_threads_and_atomic,1,256,128,100,0.445537
2_4 shared_memory,1,256,128,100,0.440719
2_1 sequential,32,256,128,100,0.002375
2_2 1_block_1_line,1,256,128,100,0.470505
2_3 multiple_threads_and_atomic,32,256,128,100,0.449246
2_4 shared_memory,32,256,128,100,0.395518
2_1 sequential,32,256,128,100,0.002382
2_2 1_block_1_line,1,256,128,100,0.447235
2_3 multiple_threads_and_atomic,32,256,128,100,0.455564
2_4 shared_memory,32,256,128,100,0.433431
2_1 sequential,32,256,128,100,0.002404
2_2 1_block_1_line,1,256,128,100,0.448978
2_3 multiple_threads_and_atomic,32,256,128,100,0.432202
2_4 shared_memory,32,256,128,100,0.428511
2_1 sequential,32,256,128,100,0.002463
2_2 1_block_1_line,1,256,128,100,0.454494
2_3 multiple_threads_and_atomic,32,256,128,100,0.497332
2_4 shared_memory,32,256,128,100,0.444127
2_1 sequential,32,256,128,100,0.002412
2_2 1_block_1_line,1,256,128,100,0.43786
2_3 multiple_threads_and_atomic,32,256,128,100,0.434405
2_4 shared_memory,32,256,128,100,0.423934
2_1 sequential,32,256,128,100,0.002442
2_2 1_block_1_line,1,256,128,100,0.43801
2_3 multiple_threads_and_atomic,32,256,128,100,0.434224
2_4 shared_memory,32,256,128,100,0.436277
2_1 sequential,32,256,128,100,0.002567
2_2 1_block_1_line,1,256,128,100,0.434461
2_3 multiple_threads_and_atomic,32,256,128,100,0.440172
2_4 shared_memory,32,256,128,100,0.452164
2_1 sequential,32,256,128,100,0.00247
2_2 1_block_1_line,1,256,128,100,0.443412
2_3 multiple_threads_and_atomic,32,256,128,100,0.455232
2_4 shared_memory,32,256,128,100,0.423314
2_1 sequential,32,256,128,100,0.002395
2_2 1_block_1_line,1,256,128,100,0.42971
2_3 multiple_threads_and_atomic,32,256,128,100,0.42881
2_4 shared_memory,32,256,128,100,0.431849
2_1 sequential,32,256,128,100,0.002591
2_2 1_block_1_line,1,256,128,100,0.436736
2_3 multiple_threads_and_atomic,32,256,128,100,0.464076
2_4 shared_memory,32,256,128,100,0.444783
2_1 sequential,64,256,128,100,0.002417
2_2 1_block_1_line,1,256,128,100,0.455544
2_3 multiple_threads_and_atomic,64,256,128,100,0.429723
2_4 shared_memory,64,256,128,100,0.438261
2_1 sequential,64,256,128,100,0.00239
2_2 1_block_1_line,1,256,128,100,0.482932
2_3 multiple_threads_and_atomic,64,256,128,100,0.438054
2_4 shared_memory,64,256,128,100,0.453175
2_1 sequential,64,256,128,100,0.002392
2_2 1_block_1_line,1,256,128,100,0.451786
2_3 multiple_threads_and_atomic,64,256,128,100,0.455107
2_4 shared_memory,64,256,128,100,0.566045
2_1 sequential,64,256,128,100,0.002747
2_2 1_block_1_line,1,256,128,100,0.495629
2_3 multiple_threads_and_atomic,64,256,128,100,0.423199
2_4 shared_memory,64,256,128,100,0.430281
2_1 sequential,64,256,128,100,0.002644
2_2 1_block_1_line,1,256,128,100,0.426066
2_3 multiple_threads_and_atomic,64,256,128,100,0.453666
2_4 shared_memory,64,256,128,100,0.446125
2_1 sequential,64,256,128,100,0.002483
2_2 1_block_1_line,1,256,128,100,0.454437
2_3 multiple_threads_and_atomic,64,256,128,100,0.429224
2_4 shared_memory,64,256,128,100,0.428811
2_1 sequential,64,256,128,100,0.002395
2_2 1_block_1_line,1,256,128,100,0.437898
2_3 multiple_threads_and_atomic,64,256,128,100,0.408075
2_4 shared_memory,64,256,128,100,0.432577
2_1 sequential,64,256,128,100,0.002467
2_2 1_block_1_line,1,256,128,100,0.426388
2_3 multiple_threads_and_atomic,64,256,128,100,0.436173
2_4 shared_memory,64,256,128,100,0.44216
2_1 sequential,64,256,128,100,0.00242
2_2 1_block_1_line,1,256,128,100,0.453099
2_3 multiple_threads_and_atomic,64,256,128,100,0.448029
2_4 shared_memory,64,256,128,100,0.440534
2_1 sequential,64,256,128,100,0.002525
2_2 1_block_1_line,1,256,128,100,0.44162
2_3 multiple_threads_and_atomic,64,256,128,100,0.4339
2_4 shared_memory,64,256,128,100,0.432807
2_1 sequential,128,256,128,100,0.002423
2_2 1_block_1_line,1,256,128,100,0.451524
2_3 multiple_threads_and_atomic,128,256,128,100,0.456306
2_4 shared_memory,128,256,128,100,0.447723
2_1 sequential,128,256,128,100,0.002706
2_2 1_block_1_line,1,256,128,100,0.410909
2_3 multiple_threads_and_atomic,128,256,128,100,0.4414
2_4 shared_memory,128,256,128,100,0.468708
2_1 sequential,128,256,128,100,0.002384
2_2 1_block_1_line,1,256,128,100,0.427398
2_3 multiple_threads_and_atomic,128,256,128,100,0.432306
2_4 shared_memory,128,256,128,100,0.458445
2_1 sequential,128,256,128,100,0.002396
2_2 1_block_1_line,1,256,128,100,0.435973
2_3 multiple_threads_and_atomic,128,256,128,100,0.440464
2_4 shared_memory,128,256,128,100,0.425809
2_1 sequential,128,256,128,100,0.002426
2_2 1_block_1_line,1,256,128,100,0.460114
2_3 multiple_threads_and_atomic,128,256,128,100,0.434261
2_4 shared_memory,128,256,128,100,0.48979
2_1 sequential,128,256,128,100,0.002413
2_2 1_block_1_line,1,256,128,100,0.451853
2_3 multiple_threads_and_atomic,128,256,128,100,0.434961
2_4 shared_memory,128,256,128,100,0.459445
2_1 sequential,128,256,128,100,0.002592
2_2 1_block_1_line,1,256,128,100,0.443934
2_3 multiple_threads_and_atomic,128,256,128,100,0.422659
2_4 shared_memory,128,256,128,100,0.447803
2_1 sequential,128,256,128,100,0.002413
2_2 1_block_1_line,1,256,128,100,0.423384
2_3 multiple_threads_and_atomic,128,256,128,100,0.441179
2_4 shared_memory,128,256,128,100,0.49811
2_1 sequential,128,256,128,100,0.002602
2_2 1_block_1_line,1,256,128,100,0.470194
2_3 multiple_threads_and_atomic,128,256,128,100,0.455431
2_4 shared_memory,128,256,128,100,0.513996
2_1 sequential,128,256,128,100,0.003126
2_2 1_block_1_line,1,256,128,100,0.450626
2_3 multiple_threads_and_atomic,128,256,128,100,0.466955
2_4 shared_memory,128,256,128,100,0.458159
2_1 sequential,256,256,128,100,0.002907
2_2 1_block_1_line,1,256,128,100,0.429856
2_3 multiple_threads_and_atomic,256,256,128,100,0.43752
2_4 shared_memory,256,256,128,100,0.455345
2_1 sequential,256,256,128,100,0.002397
2_2 1_block_1_line,1,256,128,100,0.446763
2_3 multiple_threads_and_atomic,256,256,128,100,0.452381
2_4 shared_memory,256,256,128,100,0.460512
2_1 sequential,256,256,128,100,0.002469
2_2 1_block_1_line,1,256,128,100,0.45459
2_3 multiple_threads_and_atomic,256,256,128,100,0.467977
2_4 shared_memory,256,256,128,100,0.466052
2_1 sequential,256,256,128,100,0.002464
2_2 1_block_1_line,1,256,128,100,0.428884
2_3 multiple_threads_and_atomic,256,256,128,100,0.411973
2_4 shared_memory,256,256,128,100,0.460791
2_1 sequential,256,256,128,100,0.002413
2_2 1_block_1_line,1,256,128,100,0.444052
2_3 multiple_threads_and_atomic,256,256,128,100,0.448175
2_4 shared_memory,256,256,128,100,0.455717
2_1 sequential,256,256,128,100,0.002627
2_2 1_block_1_line,1,256,128,100,0.442814
2_3 multiple_threads_and_atomic,256,256,128,100,0.470508
2_4 shared_memory,256,256,128,100,0.470836
2_1 sequential,256,256,128,100,0.002504
2_2 1_block_1_line,1,256,128,100,0.440969
2_3 multiple_threads_and_atomic,256,256,128,100,0.434824
2_4 shared_memory,256,256,128,100,0.466022
2_1 sequential,256,256,128,100,0.002422
2_2 1_block_1_line,1,256,128,100,0.446928
2_3 multiple_threads_and_atomic,256,256,128,100,0.444455
2_4 shared_memory,256,256,128,100,0.46312
2_1 sequential,256,256,128,100,0.002538
2_2 1_block_1_line,1,256,128,100,0.441424
2_3 multiple_threads_and_atomic,256,256,128,100,0.451521
2_4 shared_memory,256,256,128,100,0.458415
2_1 sequential,256,256,128,100,0.002477
2_2 1_block_1_line,1,256,128,100,0.463864
2_3 multiple_threads_and_atomic,256,256,128,100,0.439897
2_4 shared_memory,256,256,128,100,0.478651
2_1 sequential,1,1024,512,100,0.064564
2_2 1_block_1_line,1,1024,512,100,0.473657
2_3 multiple_threads_and_atomic,1,1024,512,100,0.548538
2_4 shared_memory,1,1024,512,100,0.594846
2_1 sequential,1,1024,512,100,0.058132
2_2 1_block_1_line,1,1024,512,100,0.48347
2_3 multiple_threads_and_atomic,1,1024,512,100,0.565375
2_4 shared_memory,1,1024,512,100,0.559105
2_1 sequential,1,1024,512,100,0.057144
2_2 1_block_1_line,1,1024,512,100,0.498865
2_3 multiple_threads_and_atomic,1,1024,512,100,0.544035
2_4 shared_memory,1,1024,512,100,0.542964
2_1 sequential,1,1024,512,100,0.058443
2_2 1_block_1_line,1,1024,512,100,0.481801
2_3 multiple_threads_and_atomic,1,1024,512,100,0.543794
2_4 shared_memory,1,1024,512,100,0.535149
2_1 sequential,1,1024,512,100,0.05845
2_2 1_block_1_line,1,1024,512,100,0.48467
2_3 multiple_threads_and_atomic,1,1024,512,100,0.564193
2_4 shared_memory,1,1024,512,100,0.530249
2_1 sequential,1,1024,512,100,0.058192
2_2 1_block_1_line,1,1024,512,100,0.494554
2_3 multiple_threads_and_atomic,1,1024,512,100,0.532215
2_4 shared_memory,1,1024,512,100,0.526912
2_1 sequential,1,1024,512,100,0.05793
2_2 1_block_1_line,1,1024,512,100,0.468185
2_3 multiple_threads_and_atomic,1,1024,512,100,0.519467
2_4 shared_memory,1,1024,512,100,0.492394
2_1 sequential,1,1024,512,100,0.062805
2_2 1_block_1_line,1,1024,512,100,0.47379
2_3 multiple_threads_and_atomic,1,1024,512,100,0.530787
2_4 shared_memory,1,1024,512,100,0.52052
2_1 sequential,1,1024,512,100,0.060625
2_2 1_block_1_line,1,1024,512,100,0.495381
2_3 multiple_threads_and_atomic,1,1024,512,100,0.521076
2_4 shared_memory,1,1024,512,100,0.537908
2_1 sequential,1,1024,512,100,0.057235
2_2 1_block_1_line,1,1024,512,100,0.473824
2_3 multiple_threads_and_atomic,1,1024,512,100,0.527821
2_4 shared_memory,1,1024,512,100,0.506455
2_1 sequential,32,1024,512,100,0.058484
2_2 1_block_1_line,1,1024,512,100,0.466401
2_3 multiple_threads_and_atomic,32,1024,512,100,0.437591
2_4 shared_memory,32,1024,512,100,0.433006
2_1 sequential,32,1024,512,100,0.058259
2_2 1_block_1_line,1,1024,512,100,0.49161
2_3 multiple_threads_and_atomic,32,1024,512,100,0.45243
2_4 shared_memory,32,1024,512,100,0.446671
2_1 sequential,32,1024,512,100,0.063922
2_2 1_block_1_line,1,1024,512,100,0.468869
2_3 multiple_threads_and_atomic,32,1024,512,100,0.438511
2_4 shared_memory,32,1024,512,100,0.437069
2_1 sequential,32,1024,512,100,0.058414
2_2 1_block_1_line,1,1024,512,100,0.486035
2_3 multiple_threads_and_atomic,32,1024,512,100,0.438425
2_4 shared_memory,32,1024,512,100,0.434231
2_1 sequential,32,1024,512,100,0.057705
2_2 1_block_1_line,1,1024,512,100,0.500057
2_3 multiple_threads_and_atomic,32,1024,512,100,0.460396
2_4 shared_memory,32,1024,512,100,0.442778
2_1 sequential,32,1024,512,100,0.059006
2_2 1_block_1_line,1,1024,512,100,0.46903
2_3 multiple_threads_and_atomic,32,1024,512,100,0.43501
2_4 shared_memory,32,1024,512,100,0.436059
2_1 sequential,32,1024,512,100,0.07604
2_2 1_block_1_line,1,1024,512,100,0.476909
2_3 multiple_threads_and_atomic,32,1024,512,100,0.456797
2_4 shared_memory,32,1024,512,100,0.43917
2_1 sequential,32,1024,512,100,0.062038
2_2 1_block_1_line,1,1024,512,100,0.500518
2_3 multiple_threads_and_atomic,32,1024,512,100,0.449542
2_4 shared_memory,32,1024,512,100,0.459512
2_1 sequential,32,1024,512,100,0.059453
2_2 1_block_1_line,1,1024,512,100,0.472568
2_3 multiple_threads_and_atomic,32,1024,512,100,0.386787
2_4 shared_memory,32,1024,512,100,0.434958
2_1 sequential,32,1024,512,100,0.060178
2_2 1_block_1_line,1,1024,512,100,0.458741
2_3 multiple_threads_and_atomic,32,1024,512,100,0.427639
2_4 shared_memory,32,1024,512,100,0.439133
2_1 sequential,64,1024,512,100,0.060055
2_2 1_block_1_line,1,1024,512,100,0.473118
2_3 multiple_threads_and_atomic,64,1024,512,100,0.443683
2_4 shared_memory,64,1024,512,100,0.470381
2_1 sequential,64,1024,512,100,0.061673
2_2 1_block_1_line,1,1024,512,100,0.462404
2_3 multiple_threads_and_atomic,64,1024,512,100,0.415506
2_4 shared_memory,64,1024,512,100,0.447129
2_1 sequential,64,1024,512,100,0.05816
2_2 1_block_1_line,1,1024,512,100,0.468489
2_3 multiple_threads_and_atomic,64,1024,512,100,0.436935
2_4 shared_memory,64,1024,512,100,0.448329
2_1 sequential,64,1024,512,100,0.058177
2_2 1_block_1_line,1,1024,512,100,0.476623
2_3 multiple_threads_and_atomic,64,1024,512,100,0.427163
2_4 shared_memory,64,1024,512,100,0.446007
2_1 sequential,64,1024,512,100,0.058917
2_2 1_block_1_line,1,1024,512,100,0.449322
2_3 multiple_threads_and_atomic,64,1024,512,100,0.461853
2_4 shared_memory,64,1024,512,100,0.468659
2_1 sequential,64,1024,512,100,0.057863
2_2 1_block_1_line,1,1024,512,100,0.476989
2_3 multiple_threads_and_atomic,64,1024,512,100,0.433876
2_4 shared_memory,64,1024,512,100,0.455072
2_1 sequential,64,1024,512,100,0.058621
2_2 1_block_1_line,1,1024,512,100,0.47247
2_3 multiple_threads_and_atomic,64,1024,512,100,0.451573
2_4 shared_memory,64,1024,512,100,0.450915
2_1 sequential,64,1024,512,100,0.05947
2_2 1_block_1_line,1,1024,512,100,0.484247
2_3 multiple_threads_and_atomic,64,1024,512,100,0.440835
2_4 shared_memory,64,1024,512,100,0.448082
2_1 sequential,64,1024,512,100,0.064003
2_2 1_block_1_line,1,1024,512,100,0.504183
2_3 multiple_threads_and_atomic,64,1024,512,100,0.449016
2_4 shared_memory,64,1024,512,100,0.444156
2_1 sequential,64,1024,512,100,0.061008
2_2 1_block_1_line,1,1024,512,100,0.481218
2_3 multiple_threads_and_atomic,64,1024,512,100,0.44417
2_4 shared_memory,64,1024,512,100,0.494152
2_1 sequential,128,1024,512,100,0.062272
2_2 1_block_1_line,1,1024,512,100,0.535421
2_3 multiple_threads_and_atomic,128,1024,512,100,0.540509
2_4 shared_memory,128,1024,512,100,0.55501
2_1 sequential,128,1024,512,100,0.06234
2_2 1_block_1_line,1,1024,512,100,0.514933
2_3 multiple_threads_and_atomic,128,1024,512,100,0.465329
2_4 shared_memory,128,1024,512,100,0.562003
2_1 sequential,128,1024,512,100,0.060234
2_2 1_block_1_line,1,1024,512,100,0.489336
2_3 multiple_threads_and_atomic,128,1024,512,100,0.458398
2_4 shared_memory,128,1024,512,100,0.527683
2_1 sequential,128,1024,512,100,0.058223
2_2 1_block_1_line,1,1024,512,100,0.467999
2_3 multiple_threads_and_atomic,128,1024,512,100,0.49548
2_4 shared_memory,128,1024,512,100,0.50536
2_1 sequential,128,1024,512,100,0.060021
2_2 1_block_1_line,1,1024,512,100,0.481813
2_3 multiple_threads_and_atomic,128,1024,512,100,0.449852
2_4 shared_memory,128,1024,512,100,0.499583
2_1 sequential,128,1024,512,100,0.060994
2_2 1_block_1_line,1,1024,512,100,0.473392
2_3 multiple_threads_and_atomic,128,1024,512,100,0.451318
2_4 shared_memory,128,1024,512,100,0.496387
2_1 sequential,128,1024,512,100,0.060513
2_2 1_block_1_line,1,1024,512,100,0.476343
2_3 multiple_threads_and_atomic,128,1024,512,100,0.445219
2_4 shared_memory,128,1024,512,100,0.504999
2_1 sequential,128,1024,512,100,0.059261
2_2 1_block_1_line,1,1024,512,100,0.492954
2_3 multiple_threads_and_atomic,128,1024,512,100,0.427304
2_4 shared_memory,128,1024,512,100,0.494268
2_1 sequential,128,1024,512,100,0.059889
2_2 1_block_1_line,1,1024,512,100,0.473163
2_3 multiple_threads_and_atomic,128,1024,512,100,0.45249
2_4 shared_memory,128,1024,512,100,0.492757
2_1 sequential,128,1024,512,100,0.060378
2_2 1_block_1_line,1,1024,512,100,0.481702
2_3 multiple_threads_and_atomic,128,1024,512,100,0.442051
2_4 shared_memory,128,1024,512,100,0.520067
2_1 sequential,256,1024,512,100,0.059135
2_2 1_block_1_line,1,1024,512,100,0.472518
2_3 multiple_threads_and_atomic,256,1024,512,100,0.484564
2_4 shared_memory,256,1024,512,100,0.670757
2_1 sequential,256,1024,512,100,0.056693
2_2 1_block_1_line,1,1024,512,100,0.477711
2_3 multiple_threads_and_atomic,256,1024,512,100,0.457336
2_4 shared_memory,256,1024,512,100,0.625455
2_1 sequential,256,1024,512,100,0.059469
2_2 1_block_1_line,1,1024,512,100,0.468248
2_3 multiple_threads_and_atomic,256,1024,512,100,0.456055
2_4 shared_memory,256,1024,512,100,0.629977
2_1 sequential,256,1024,512,100,0.058692
2_2 1_block_1_line,1,1024,512,100,0.513497
2_3 multiple_threads_and_atomic,256,1024,512,100,0.468102
2_4 shared_memory,256,1024,512,100,0.624884
2_1 sequential,256,1024,512,100,0.058788
2_2 1_block_1_line,1,1024,512,100,0.461143
2_3 multiple_threads_and_atomic,256,1024,512,100,0.462505
2_4 shared_memory,256,1024,512,100,0.631296
2_1 sequential,256,1024,512,100,0.060033
2_2 1_block_1_line,1,1024,512,100,0.472089
2_3 multiple_threads_and_atomic,256,1024,512,100,0.458029
2_4 shared_memory,256,1024,512,100,0.624563
2_1 sequential,256,1024,512,100,0.059616
2_2 1_block_1_line,1,1024,512,100,0.452091
2_3 multiple_threads_and_atomic,256,1024,512,100,0.454255
2_4 shared_memory,256,1024,512,100,0.64373
2_1 sequential,256,1024,512,100,0.063208
2_2 1_block_1_line,1,1024,512,100,0.472581
2_3 multiple_threads_and_atomic,256,1024,512,100,0.451197
2_4 shared_memory,256,1024,512,100,0.643359
2_1 sequential,256,1024,512,100,0.05775
2_2 1_block_1_line,1,1024,512,100,0.472248
2_3 multiple_threads_and_atomic,256,1024,512,100,0.461027
2_4 shared_memory,256,1024,512,100,0.626027
2_1 sequential,256,1024,512,100,0.059832
2_2 1_block_1_line,1,1024,512,100,0.478471
2_3 multiple_threads_and_atomic,256,1024,512,100,0.487158
2_4 shared_memory,256,1024,512,100,0.618895
2_1 sequential,1,4096,2048,100,0.996788
2_2 1_block_1_line,1,4096,2048,100,0.95672
2_3 multiple_threads_and_atomic,1,4096,2048,100,1.614343
2_4 shared_memory,1,4096,2048,100,1.586428
2_1 sequential,1,4096,2048,100,1.005468
2_2 1_block_1_line,1,4096,2048,100,0.845671
2_3 multiple_threads_and_atomic,1,4096,2048,100,1.58566
2_4 shared_memory,1,4096,2048,100,1.600502
2_1 sequential,1,4096,2048,100,1.010265
2_2 1_block_1_line,1,4096,2048,100,0.845524
2_3 multiple_threads_and_atomic,1,4096,2048,100,1.597251
2_4 shared_memory,1,4096,2048,100,1.601417
2_1 sequential,1,4096,2048,100,0.993331
2_2 1_block_1_line,1,4096,2048,100,0.843029
2_3 multiple_threads_and_atomic,1,4096,2048,100,1.608114
2_4 shared_memory,1,4096,2048,100,1.592981
2_1 sequential,1,4096,2048,100,0.996677
2_2 1_block_1_line,1,4096,2048,100,0.8665
2_3 multiple_threads_and_atomic,1,4096,2048,100,1.591919
2_4 shared_memory,1,4096,2048,100,1.596977
2_1 sequential,1,4096,2048,100,1.004798
2_2 1_block_1_line,1,4096,2048,100,0.840051
2_3 multiple_threads_and_atomic,1,4096,2048,100,1.600162
2_4 shared_memory,1,4096,2048,100,1.585303
2_1 sequential,1,4096,2048,100,0.994285
2_2 1_block_1_line,1,4096,2048,100,0.841634
2_3 multiple_threads_and_atomic,1,4096,2048,100,1.664112
2_4 shared_memory,1,4096,2048,100,1.572717
2_1 sequential,1,4096,2048,100,1.029802
2_2 1_block_1_line,1,4096,2048,100,0.845579
2_3 multiple_threads_and_atomic,1,4096,2048,100,1.630493
2_4 shared_memory,1,4096,2048,100,1.584464
2_1 sequential,1,4096,2048,100,1.003955
2_2 1_block_1_line,1,4096,2048,100,0.859356
2_3 multiple_threads_and_atomic,1,4096,2048,100,1.596279
2_4 shared_memory,1,4096,2048,100,1.573501
2_1 sequential,1,4096,2048,100,1.006843
2_2 1_block_1_line,1,4096,2048,100,0.851043
2_3 multiple_threads_and_atomic,1,4096,2048,100,1.597319
2_4 shared_memory,1,4096,2048,100,1.597872
2_1 sequential,32,4096,2048,100,0.999434
2_2 1_block_1_line,1,4096,2048,100,0.856345
2_3 multiple_threads_and_atomic,32,4096,2048,100,0.51757
2_4 shared_memory,32,4096,2048,100,0.496707
2_1 sequential,32,4096,2048,100,0.999604
2_2 1_block_1_line,1,4096,2048,100,0.834289
2_3 multiple_threads_and_atomic,32,4096,2048,100,0.520486
2_4 shared_memory,32,4096,2048,100,0.508363
2_1 sequential,32,4096,2048,100,1.01545
2_2 1_block_1_line,1,4096,2048,100,0.859643
2_3 multiple_threads_and_atomic,32,4096,2048,100,0.505651
2_4 shared_memory,32,4096,2048,100,0.510159
2_1 sequential,32,4096,2048,100,0.998248
2_2 1_block_1_line,1,4096,2048,100,0.858306
2_3 multiple_threads_and_atomic,32,4096,2048,100,0.506828
2_4 shared_memory,32,4096,2048,100,0.502021
2_1 sequential,32,4096,2048,100,0.999402
2_2 1_block_1_line,1,4096,2048,100,0.856582
2_3 multiple_threads_and_atomic,32,4096,2048,100,0.500511
2_4 shared_memory,32,4096,2048,100,0.508102
2_1 sequential,32,4096,2048,100,1.019984
2_2 1_block_1_line,1,4096,2048,100,0.843271
2_3 multiple_threads_and_atomic,32,4096,2048,100,0.492782
2_4 shared_memory,32,4096,2048,100,0.502196
2_1 sequential,32,4096,2048,100,1.045868
2_2 1_block_1_line,1,4096,2048,100,0.859142
2_3 multiple_threads_and_atomic,32,4096,2048,100,0.50783
2_4 shared_memory,32,4096,2048,100,0.500953
2_1 sequential,32,4096,2048,100,1.009431
2_2 1_block_1_line,1,4096,2048,100,0.999339
2_3 multiple_threads_and_atomic,32,4096,2048,100,0.552666
2_4 shared_memory,32,4096,2048,100,0.489651
2_1 sequential,32,4096,2048,100,1.059431
2_2 1_block_1_line,1,4096,2048,100,0.893974
2_3 multiple_threads_and_atomic,32,4096,2048,100,0.511897
2_4 shared_memory,32,4096,2048,100,0.49854
2_1 sequential,32,4096,2048,100,1.000972
2_2 1_block_1_line,1,4096,2048,100,0.858906
2_3 multiple_threads_and_atomic,32,4096,2048,100,0.487988
2_4 shared_memory,32,4096,2048,100,0.492723
2_1 sequential,64,4096,2048,100,1.03302
2_2 1_block_1_line,1,4096,2048,100,0.84613
2_3 multiple_threads_and_atomic,64,4096,2048,100,0.501281
2_4 shared_memory,64,4096,2048,100,0.530995
2_1 sequential,64,4096,2048,100,1.02324
2_2 1_block_1_line,1,4096,2048,100,0.850468
2_3 multiple_threads_and_atomic,64,4096,2048,100,0.518213
2_4 shared_memory,64,4096,2048,100,0.519562
2_1 sequential,64,4096,2048,100,1.029565
2_2 1_block_1_line,1,4096,2048,100,0.852768
2_3 multiple_threads_and_atomic,64,4096,2048,100,0.526019
2_4 shared_memory,64,4096,2048,100,0.545532
2_1 sequential,64,4096,2048,100,1.008303
2_2 1_block_1_line,1,4096,2048,100,0.856352
2_3 multiple_threads_and_atomic,64,4096,2048,100,0.499019
2_4 shared_memory,64,4096,2048,100,0.52483
2_1 sequential,64,4096,2048,100,1.018548
2_2 1_block_1_line,1,4096,2048,100,0.850582
2_3 multiple_threads_and_atomic,64,4096,2048,100,0.496243
2_4 shared_memory,64,4096,2048,100,0.521949
2_1 sequential,64,4096,2048,100,1.013458
2_2 1_block_1_line,1,4096,2048,100,0.845678
2_3 multiple_threads_and_atomic,64,4096,2048,100,0.530049
2_4 shared_memory,64,4096,2048,100,0.570233
2_1 sequential,64,4096,2048,100,1.018044
2_2 1_block_1_line,1,4096,2048,100,0.898019
2_3 multiple_threads_and_atomic,64,4096,2048,100,0.698189
2_4 shared_memory,64,4096,2048,100,0.631549
2_1 sequential,64,4096,2048,100,1.09795
2_2 1_block_1_line,1,4096,2048,100,1.036134
2_3 multiple_threads_and_atomic,64,4096,2048,100,0.520485
2_4 shared_memory,64,4096,2048,100,0.535407
2_1 sequential,64,4096,2048,100,1.017687
2_2 1_block_1_line,1,4096,2048,100,0.868388
2_3 multiple_threads_and_atomic,64,4096,2048,100,0.510013
2_4 shared_memory,64,4096,2048,100,0.551611
2_1 sequential,64,4096,2048,100,1.017219
2_2 1_block_1_line,1,4096,2048,100,0.864772
2_3 multiple_threads_and_atomic,64,4096,2048,100,0.521125
2_4 shared_memory,64,4096,2048,100,0.549998
2_1 sequential,128,4096,2048,100,1.017109
2_2 1_block_1_line,1,4096,2048,100,0.924645
2_3 multiple_threads_and_atomic,128,4096,2048,100,0.510912
2_4 shared_memory,128,4096,2048,100,0.690334
2_1 sequential,128,4096,2048,100,0.993295
2_2 1_block_1_line,1,4096,2048,100,0.880213
2_3 multiple_threads_and_atomic,128,4096,2048,100,0.521133
2_4 shared_memory,128,4096,2048,100,0.682224
2_1 sequential,128,4096,2048,100,1.005551
2_2 1_block_1_line,1,4096,2048,100,0.874056
2_3 multiple_threads_and_atomic,128,4096,2048,100,0.518013
2_4 shared_memory,128,4096,2048,100,0.692316
2_1 sequential,128,4096,2048,100,1.022046
2_2 1_block_1_line,1,4096,2048,100,0.862907
2_3 multiple_threads_and_atomic,128,4096,2048,100,0.519177
2_4 shared_memory,128,4096,2048,100,0.692194
2_1 sequential,128,4096,2048,100,1.016644
2_2 1_block_1_line,1,4096,2048,100,0.871401
2_3 multiple_threads_and_atomic,128,4096,2048,100,0.557624
2_4 shared_memory,128,4096,2048,100,0.706544
2_1 sequential,128,4096,2048,100,1.06726
2_2 1_block_1_line,1,4096,2048,100,0.881305
2_3 multiple_threads_and_atomic,128,4096,2048,100,0.591322
2_4 shared_memory,128,4096,2048,100,0.749352
2_1 sequential,128,4096,2048,100,1.076296
2_2 1_block_1_line,1,4096,2048,100,0.877808
2_3 multiple_threads_and_atomic,128,4096,2048,100,0.521289
2_4 shared_memory,128,4096,2048,100,0.68494
2_1 sequential,128,4096,2048,100,1.023687
2_2 1_block_1_line,1,4096,2048,100,0.86311
2_3 multiple_threads_and_atomic,128,4096,2048,100,0.531092
2_4 shared_memory,128,4096,2048,100,0.687659
2_1 sequential,128,4096,2048,100,1.005568
2_2 1_block_1_line,1,4096,2048,100,0.857132
2_3 multiple_threads_and_atomic,128,4096,2048,100,0.539714
2_4 shared_memory,128,4096,2048,100,0.678019
2_1 sequential,128,4096,2048,100,1.01892
2_2 1_block_1_line,1,4096,2048,100,0.879467
2_3 multiple_threads_and_atomic,128,4096,2048,100,0.514986
2_4 shared_memory,128,4096,2048,100,0.684691
2_1 sequential,256,4096,2048,100,1.02195
2_2 1_block_1_line,1,4096,2048,100,0.873332
2_3 multiple_threads_and_atomic,256,4096,2048,100,0.554442
2_4 shared_memory,256,4096,2048,100,1.236286
2_1 sequential,256,4096,2048,100,1.025736
2_2 1_block_1_line,1,4096,2048,100,0.857397
2_3 multiple_threads_and_atomic,256,4096,2048,100,0.554216
2_4 shared_memory,256,4096,2048,100,1.219313
2_1 sequential,256,4096,2048,100,1.019116
2_2 1_block_1_line,1,4096,2048,100,0.87062
2_3 multiple_threads_and_atomic,256,4096,2048,100,0.547436
2_4 shared_memory,256,4096,2048,100,1.227299
2_1 sequential,256,4096,2048,100,1.016568
2_2 1_block_1_line,1,4096,2048,100,0.862748
2_3 multiple_threads_and_atomic,256,4096,2048,100,0.548671
2_4 shared_memory,256,4096,2048,100,1.225953
2_1 sequential,256,4096,2048,100,1.013147
2_2 1_block_1_line,1,4096,2048,100,0.860249
2_3 multiple_threads_and_atomic,256,4096,2048,100,0.552467
2_4 shared_memory,256,4096,2048,100,1.238827
2_1 sequential,256,4096,2048,100,1.040672
2_2 1_block_1_line,1,4096,2048,100,0.971762
2_3 multiple_threads_and_atomic,256,4096,2048,100,0.541209
2_4 shared_memory,256,4096,2048,100,1.269434
2_1 sequential,256,4096,2048,100,1.006433
2_2 1_block_1_line,1,4096,2048,100,0.857081
2_3 multiple_threads_and_atomic,256,4096,2048,100,0.539176
2_4 shared_memory,256,4096,2048,100,1.232465
2_1 sequential,256,4096,2048,100,1.007181
2_2 1_block_1_line,1,4096,2048,100,0.86684
2_3 multiple_threads_and_atomic,256,4096,2048,100,0.549189
2_4 shared_memory,256,4096,2048,100,1.225372
2_1 sequential,256,4096,2048,100,1.004796
2_2 1_block_1_line,1,4096,2048,100,0.85273
2_3 multiple_threads_and_atomic,256,4096,2048,100,0.542041
2_4 shared_memory,256,4096,2048,100,1.243319
2_1 sequential,256,4096,2048,100,1.164732
2_2 1_block_1_line,1,4096,2048,100,0.97058
2_3 multiple_threads_and_atomic,256,4096,2048,100,0.553452
2_4 shared_memory,256,4096,2048,100,1.248663
2_1 sequential,1,16384,8192,100,16.128611
2_2 1_block_1_line,1,16384,8192,100,6.701792
2_3 multiple_threads_and_atomic,1,16384,8192,100,18.465243
2_4 shared_memory,1,16384,8192,100,18.521166
2_1 sequential,1,16384,8192,100,15.8876
2_2 1_block_1_line,1,16384,8192,100,6.657117
2_3 multiple_threads_and_atomic,1,16384,8192,100,18.457814
2_4 shared_memory,1,16384,8192,100,18.702551
2_1 sequential,1,16384,8192,100,15.962403
2_2 1_block_1_line,1,16384,8192,100,6.66814
2_3 multiple_threads_and_atomic,1,16384,8192,100,18.512837
2_4 shared_memory,1,16384,8192,100,18.876707
2_1 sequential,1,16384,8192,100,15.969655
2_2 1_block_1_line,1,16384,8192,100,6.675988
2_3 multiple_threads_and_atomic,1,16384,8192,100,18.539861
2_4 shared_memory,1,16384,8192,100,19.139953
2_1 sequential,1,16384,8192,100,16.022909
2_2 1_block_1_line,1,16384,8192,100,6.656067
2_3 multiple_threads_and_atomic,1,16384,8192,100,18.564326
2_4 shared_memory,1,16384,8192,100,18.616447
2_1 sequential,1,16384,8192,100,15.605412
2_2 1_block_1_line,1,16384,8192,100,6.657257
2_3 multiple_threads_and_atomic,1,16384,8192,100,18.491116
2_4 shared_memory,1,16384,8192,100,18.66042
2_1 sequential,1,16384,8192,100,15.550859
2_2 1_block_1_line,1,16384,8192,100,6.628265
2_3 multiple_threads_and_atomic,1,16384,8192,100,18.458842
2_4 shared_memory,1,16384,8192,100,18.573454
2_1 sequential,1,16384,8192,100,15.46572
2_2 1_block_1_line,1,16384,8192,100,6.655959
2_3 multiple_threads_and_atomic,1,16384,8192,100,18.50955
2_4 shared_memory,1,16384,8192,100,18.451346
2_1 sequential,1,16384,8192,100,15.779351
2_2 1_block_1_line,1,16384,8192,100,6.651525
2_3 multiple_threads_and_atomic,1,16384,8192,100,18.480962
2_4 shared_memory,1,16384,8192,100,18.563376
2_1 sequential,1,16384,8192,100,15.849028
2_2 1_block_1_line,1,16384,8192,100,6.658288
2_3 multiple_threads_and_atomic,1,16384,8192,100,18.444103
2_4 shared_memory,1,16384,8192,100,18.475664
2_1 sequential,32,16384,8192,100,15.746632
2_2 1_block_1_line,1,16384,8192,100,6.654987
2_3 multiple_threads_and_atomic,32,16384,8192,100,1.300983
2_4 shared_memory,32,16384,8192,100,1.321265
2_1 sequential,32,16384,8192,100,15.560632
2_2 1_block_1_line,1,16384,8192,100,6.659008
2_3 multiple_threads_and_atomic,32,16384,8192,100,1.305631
2_4 shared_memory,32,16384,8192,100,1.246598
2_1 sequential,32,16384,8192,100,15.470607
2_2 1_block_1_line,1,16384,8192,100,6.577126
2_3 multiple_threads_and_atomic,32,16384,8192,100,1.284006
2_4 shared_memory,32,16384,8192,100,1.297405
2_1 sequential,32,16384,8192,100,15.458248
2_2 1_block_1_line,1,16384,8192,100,6.677596
2_3 multiple_threads_and_atomic,32,16384,8192,100,1.288907
2_4 shared_memory,32,16384,8192,100,1.306913
2_1 sequential,32,16384,8192,100,15.525842
2_2 1_block_1_line,1,16384,8192,100,6.626125
2_3 multiple_threads_and_atomic,32,16384,8192,100,1.302951
2_4 shared_memory,32,16384,8192,100,1.310936
2_1 sequential,32,16384,8192,100,15.462539
2_2 1_block_1_line,1,16384,8192,100,6.641678
2_3 multiple_threads_and_atomic,32,16384,8192,100,1.300649
2_4 shared_memory,32,16384,8192,100,1.307409
2_1 sequential,32,16384,8192,100,15.435614
2_2 1_block_1_line,1,16384,8192,100,6.66207
2_3 multiple_threads_and_atomic,32,16384,8192,100,1.269928
2_4 shared_memory,32,16384,8192,100,1.298252
2_1 sequential,32,16384,8192,100,15.458488
2_2 1_block_1_line,1,16384,8192,100,6.66967
2_3 multiple_threads_and_atomic,32,16384,8192,100,1.277617
2_4 shared_memory,32,16384,8192,100,1.317139
2_1 sequential,32,16384,8192,100,15.45376
2_2 1_block_1_line,1,16384,8192,100,6.635894
2_3 multiple_threads_and_atomic,32,16384,8192,100,1.276656
2_4 shared_memory,32,16384,8192,100,1.279076
2_1 sequential,32,16384,8192,100,15.841661
2_2 1_block_1_line,1,16384,8192,100,6.675177
2_3 multiple_threads_and_atomic,32,16384,8192,100,1.29783
2_4 shared_memory,32,16384,8192,100,1.312829
2_1 sequential,64,16384,8192,100,15.449319
2_2 1_block_1_line,1,16384,8192,100,6.676183
2_3 multiple_threads_and_atomic,64,16384,8192,100,1.271888
2_4 shared_memory,64,16384,8192,100,1.328629
2_1 sequential,64,16384,8192,100,15.467643
2_2 1_block_1_line,1,16384,8192,100,6.637685
2_3 multiple_threads_and_atomic,64,16384,8192,100,1.292052
2_4 shared_memory,64,16384,8192,100,1.330194
2_1 sequential,64,16384,8192,100,15.522906
2_2 1_block_1_line,1,16384,8192,100,6.681537
2_3 multiple_threads_and_atomic,64,16384,8192,100,1.273037
2_4 shared_memory,64,16384,8192,100,1.359252
2_1 sequential,64,16384,8192,100,15.444178
2_2 1_block_1_line,1,16384,8192,100,6.626806
2_3 multiple_threads_and_atomic,64,16384,8192,100,1.268979
2_4 shared_memory,64,16384,8192,100,1.333274
2_1 sequential,64,16384,8192,100,15.767069
2_2 1_block_1_line,1,16384,8192,100,6.66051
2_3 multiple_threads_and_atomic,64,16384,8192,100,1.294765
2_4 shared_memory,64,16384,8192,100,1.343173
2_1 sequential,64,16384,8192,100,15.739244
2_2 1_block_1_line,1,16384,8192,100,6.6213
2_3 multiple_threads_and_atomic,64,16384,8192,100,1.267089
2_4 shared_memory,64,16384,8192,100,1.310676
2_1 sequential,64,16384,8192,100,15.437202
2_2 1_block_1_line,1,16384,8192,100,6.674217
2_3 multiple_threads_and_atomic,64,16384,8192,100,1.282603
2_4 shared_memory,64,16384,8192,100,1.350548
2_1 sequential,64,16384,8192,100,15.817952
2_2 1_block_1_line,1,16384,8192,100,6.650781
2_3 multiple_threads_and_atomic,64,16384,8192,100,1.266461
2_4 shared_memory,64,16384,8192,100,1.343865
2_1 sequential,64,16384,8192,100,15.82766
2_2 1_block_1_line,1,16384,8192,100,6.65909
2_3 multiple_threads_and_atomic,64,16384,8192,100,1.288175
2_4 shared_memory,64,16384,8192,100,1.334929
2_1 sequential,64,16384,8192,100,15.831367
2_2 1_block_1_line,1,16384,8192,100,6.637741
2_3 multiple_threads_and_atomic,64,16384,8192,100,1.282826
2_4 shared_memory,64,16384,8192,100,1.333927
2_1 sequential,128,16384,8192,100,15.737962
2_2 1_block_1_line,1,16384,8192,100,6.639238
2_3 multiple_threads_and_atomic,128,16384,8192,100,1.273914
2_4 shared_memory,128,16384,8192,100,1.576309
2_1 sequential,128,16384,8192,100,15.725756
2_2 1_block_1_line,1,16384,8192,100,6.667765
2_3 multiple_threads_and_atomic,128,16384,8192,100,1.275806
2_4 shared_memory,128,16384,8192,100,1.584116
2_1 sequential,128,16384,8192,100,15.510804
2_2 1_block_1_line,1,16384,8192,100,6.661853
2_3 multiple_threads_and_atomic,128,16384,8192,100,1.245668
2_4 shared_memory,128,16384,8192,100,1.547472
2_1 sequential,128,16384,8192,100,15.450747
2_2 1_block_1_line,1,16384,8192,100,6.667693
2_3 multiple_threads_and_atomic,128,16384,8192,100,1.26792
2_4 shared_memory,128,16384,8192,100,1.593953
2_1 sequential,128,16384,8192,100,15.455581
2_2 1_block_1_line,1,16384,8192,100,6.648642
2_3 multiple_threads_and_atomic,128,16384,8192,100,1.292021
2_4 shared_memory,128,16384,8192,100,1.594736
2_1 sequential,128,16384,8192,100,15.45138
2_2 1_block_1_line,1,16384,8192,100,6.629706
2_3 multiple_threads_and_atomic,128,16384,8192,100,1.272638
2_4 shared_memory,128,16384,8192,100,1.59157
2_1 sequential,128,16384,8192,100,15.448994
2_2 1_block_1_line,1,16384,8192,100,6.670282
2_3 multiple_threads_and_atomic,128,16384,8192,100,1.289744
2_4 shared_memory,128,16384,8192,100,1.611982
2_1 sequential,128,16384,8192,100,15.475933
2_2 1_block_1_line,1,16384,8192,100,6.628724
2_3 multiple_threads_and_atomic,128,16384,8192,100,1.274823
2_4 shared_memory,128,16384,8192,100,1.577582
2_1 sequential,128,16384,8192,100,16.102598
2_2 1_block_1_line,1,16384,8192,100,6.657163
2_3 multiple_threads_and_atomic,128,16384,8192,100,1.30127
2_4 shared_memory,128,16384,8192,100,1.587252
2_1 sequential,128,16384,8192,100,15.44799
2_2 1_block_1_line,1,16384,8192,100,6.625847
2_3 multiple_threads_and_atomic,128,16384,8192,100,1.26156
2_4 shared_memory,128,16384,8192,100,1.550964
2_1 sequential,256,16384,8192,100,16.294453
2_2 1_block_1_line,1,16384,8192,100,6.646444
2_3 multiple_threads_and_atomic,256,16384,8192,100,1.321345
2_4 shared_memory,256,16384,8192,100,4.046453
2_1 sequential,256,16384,8192,100,15.453673
2_2 1_block_1_line,1,16384,8192,100,6.633307
2_3 multiple_threads_and_atomic,256,16384,8192,100,1.304947
2_4 shared_memory,256,16384,8192,100,4.022709
2_1 sequential,256,16384,8192,100,15.968113
2_2 1_block_1_line,1,16384,8192,100,6.700395
2_3 multiple_threads_and_atomic,256,16384,8192,100,1.274191
2_4 shared_memory,256,16384,8192,100,3.99923
2_1 sequential,256,16384,8192,100,15.437708
2_2 1_block_1_line,1,16384,8192,100,6.619044
2_3 multiple_threads_and_atomic,256,16384,8192,100,1.314911
2_4 shared_memory,256,16384,8192,100,3.947229
2_1 sequential,256,16384,8192,100,15.417796
2_2 1_block_1_line,1,16384,8192,100,6.61886
2_3 multiple_threads_and_atomic,256,16384,8192,100,1.298732
2_4 shared_memory,256,16384,8192,100,3.982862
2_1 sequential,256,16384,8192,100,15.466039
2_2 1_block_1_line,1,16384,8192,100,6.619997
2_3 multiple_threads_and_atomic,256,16384,8192,100,1.44635
2_4 shared_memory,256,16384,8192,100,4.192561
2_1 sequential,256,16384,8192,100,15.359148
2_2 1_block_1_line,1,16384,8192,100,6.639647
2_3 multiple_threads_and_atomic,256,16384,8192,100,1.280679
2_4 shared_memory,256,16384,8192,100,3.988971
2_1 sequential,256,16384,8192,100,15.504069
2_2 1_block_1_line,1,16384,8192,100,6.577713
2_3 multiple_threads_and_atomic,256,16384,8192,100,1.273729
2_4 shared_memory,256,16384,8192,100,3.99616
2_1 sequential,256,16384,8192,100,16.523479
2_2 1_block_1_line,1,16384,8192,100,6.665338
2_3 multiple_threads_and_atomic,256,16384,8192,100,1.336055
2_4 shared_memory,256,16384,8192,100,4.112213
2_1 sequential,256,16384,8192,100,15.437342
2_2 1_block_1_line,1,16384,8192,100,6.537897
2_3 multiple_threads_and_atomic,256,16384,8192,100,1.303431
2_4 shared_memory,256,16384,8192,100,4.085618
